subject	relation	object	association_id	association_type	publications	provided_by
PR:000009218	biolink:expressed_in	UBERON:0000479	d72cTvHjpChdussiwde2OMVawAc	biolink:GeneToExpressionSiteAssociation	[{id: "PMC549712", name:"", category:"biolink:Publication", sentence: "Expression of Ptdsr during embryogenesis and in adult tissues", subject_spans: [{start: 14, end: 19}], object_spans: [{start: 54, end: 61,]}]	CRAFT
PR:000009218	biolink:expressed_in	UBERON:0000922	BuEI9AptqaXlMskmMoXhZvgxup4	biolink:GeneToExpressionSiteAssociation	[{id: "PMC549712", name:"", category:"biolink:Publication", sentence: "We first examined Ptdsr expression by X-Gal staining in heterozygous embryos staged from E9.5 to E12.5.", subject_spans: [{start: 18, end: 23}], object_spans: [{start: 69, end: 76,]}]	CRAFT
PR:000009218	biolink:expressed_in	UBERON:0000062	5C_y-qqMRoFGHYyE-GnyIzlUDCY	biolink:GeneToExpressionSiteAssociation	[{id: "PMC549712", name:"", category:"biolink:Publication", sentence: "These developmental stages were chosen so as to investigate Ptdsr expression in affected organs prior to the onset of pathological malformations in Ptdsr -/- embryos.", subject_spans: [{start: 60, end: 65}], object_spans: [{start: 89, end: 95,]}]	CRAFT
PR:000009218	biolink:expressed_in	UBERON:0000922	cxJTZno_2fZa3v_ZaUnmHFIeysw	biolink:GeneToExpressionSiteAssociation	[{id: "PMC549712", name:"", category:"biolink:Publication", sentence: "These developmental stages were chosen so as to investigate Ptdsr expression in affected organs prior to the onset of pathological malformations in Ptdsr -/- embryos.", subject_spans: [{start: 60, end: 65}], object_spans: [{start: 158, end: 15},]}]	CRAFT
PR:000009218	biolink:expressed_in	UBERON:0002329	8XUtgZYiRUMYMb9l9meh5pPstxw	biolink:GeneToExpressionSiteAssociation	[{id: "PMC549712", name:"", category:"biolink:Publication", sentence: "At E9.5 we found Ptdsr expression in the developing neural tube, somites, heart, gut and branchial arches (Figure 2b).", subject_spans: [{start: 17, end: 22}], object_spans: [{start: 65, end: 72,]}]	CRAFT
PR:000009218	biolink:expressed_in	UBERON:0000948	Z05s4HWLuknj4yFs3v2fpbzzkA8	biolink:GeneToExpressionSiteAssociation	[{id: "PMC549712", name:"", category:"biolink:Publication", sentence: "At E9.5 we found Ptdsr expression in the developing neural tube, somites, heart, gut and branchial arches (Figure 2b).", subject_spans: [{start: 17, end: 22}], object_spans: [{start: 74, end: 79,]}]	CRAFT
PR:000009218	biolink:expressed_in	UBERON:0002539	_UCCeOQvPIEJurZxior1NZTJc0c	biolink:GeneToExpressionSiteAssociation	[{id: "PMC549712", name:"", category:"biolink:Publication", sentence: "At E9.5 we found Ptdsr expression in the developing neural tube, somites, heart, gut and branchial arches (Figure 2b).", subject_spans: [{start: 17, end: 22}], object_spans: [{start: 89, end: 10},]}]	CRAFT
PR:000009218	biolink:expressed_in	UBERON:0001555	CN10o074ip8zw-Ea3XhdWw0tXxs	biolink:GeneToExpressionSiteAssociation	[{id: "PMC549712", name:"", category:"biolink:Publication", sentence: "At E9.5 we found Ptdsr expression in the developing neural tube, somites, heart, gut and branchial arches (Figure 2b).", subject_spans: [{start: 17, end: 22}], object_spans: [{start: 81, end: 84,]}]	CRAFT
PR:000009218	biolink:expressed_in	UBERON:0001049	fPB7DezERBKsJ5x9acqiHamCLFs	biolink:GeneToExpressionSiteAssociation	[{id: "PMC549712", name:"", category:"biolink:Publication", sentence: "At E9.5 we found Ptdsr expression in the developing neural tube, somites, heart, gut and branchial arches (Figure 2b).", subject_spans: [{start: 17, end: 22}], object_spans: [{start: 52, end: 63,]}]	CRAFT
PR:000009218	biolink:expressed_in	UBERON:0001016	IENpx0OnsEOIt8vqCPSQp_lIxdM	biolink:GeneToExpressionSiteAssociation	[{id: "PMC549712", name:"", category:"biolink:Publication", sentence: "At E10.5, Ptdsr expression remained high in the developing nervous system, with most intense staining in the forebrain, hindbrain and neural tube.", subject_spans: [{start: 10, end: 15}], object_spans: [{start: 59, end: 73,]}]	CRAFT
PR:000009218	biolink:expressed_in	UBERON:0004347	pktIaox98hYhYToH7HrvUCsWsQI	biolink:GeneToExpressionSiteAssociation	[{id: "PMC549712", name:"", category:"biolink:Publication", sentence: "At this stage of embryogenesis, high levels of Ptdsr expression could also be detected in the developing limb buds and eyes (Figure 2b).", subject_spans: [{start: 47, end: 52}], object_spans: [{start: 105, end: 14},]}]	CRAFT
PR:000009218	biolink:expressed_in	UBERON:0000970	ANJAw-1gUAM5Dw_6wJ0b1EWdzKc	biolink:GeneToExpressionSiteAssociation	[{id: "PMC549712", name:"", category:"biolink:Publication", sentence: "At this stage of embryogenesis, high levels of Ptdsr expression could also be detected in the developing limb buds and eyes (Figure 2b).", subject_spans: [{start: 47, end: 52}], object_spans: [{start: 119, end: 13},]}]	CRAFT
PR:000009218	biolink:expressed_in	UBERON:0005425	gdpCGjDPwC_L_80Kx2wPrNegWak	biolink:GeneToExpressionSiteAssociation	[{id: "PMC549712", name:"", category:"biolink:Publication", sentence: "Transverse sections of the developing eye at E12.5 revealed strong Ptdsr expression in the inner layer of the neural cup, which will later develop into the neural retina.", subject_spans: [{start: 67, end: 72}], object_spans: [{start: 91, end: 10},{start: 110, end: 120},]}]	CRAFT
PR:000009218	biolink:expressed_in	CL:0002228	awwcvyWtwxFhcAa55R-oKpi2rP8	biolink:GeneToExpressionSiteAssociation	[{id: "PMC549712", name:"", category:"biolink:Publication", sentence: "Furthermore, Ptdsr expression was detected in the primary lens fiber cells of the developing lens (Figure 2e).", subject_spans: [{start: 13, end: 18}], object_spans: [{start: 50, end: 74,]}]	CRAFT
PR:000013057	biolink:expressed_in	UBERON:0005090	C4rbOap5j11kp6hBP_C6sa6C_xk	biolink:GeneToExpressionSiteAssociation	[{id: "PMC509410", name:"", category:"biolink:Publication", sentence: "Indeed, in a recent report by Luquet et al. (2003), simple overexpression of wild-type PPARδ in muscle was found not to be sufficient to promote a fiber switch or obesity resistance, although certain oxidation enzymes were increased.", subject_spans: [{start: 87, end: 92}], object_spans: [{start: 96, end: 10},]}]	CRAFT
PR:000013057	biolink:expressed_in	UBERON:0005090	fyaNqcTdQVbbMHlNYIchm-SvSsM	biolink:GeneToExpressionSiteAssociation	[{id: "PMC509410", name:"", category:"biolink:Publication", sentence: "Expression of Endogenous PPARδ and VP16-PPARδ Transgene in Muscle", subject_spans: [{start: 25, end: 30}], object_spans: [{start: 59, end: 65,]}]	CRAFT
PR:000015039	biolink:expressed_in	UBERON:0001987	sQ7SKW9DKSFwhmEoziiXwcSWe6o	biolink:GeneToExpressionSiteAssociation	[{id: "PMC516044", name:"", category:"biolink:Publication", sentence: "In addition, pendrin expression has been found in the kidney [9], mammary gland [10], uterus [11], testes [12] and placenta [13].", subject_spans: [{start: 13, end: 20}], object_spans: [{start: 115, end: 13},]}]	CRAFT
PR:000015039	biolink:expressed_in	UBERON:0000995	QrAJC53aFJXk3Xpw37TThQ6F8M8	biolink:GeneToExpressionSiteAssociation	[{id: "PMC516044", name:"", category:"biolink:Publication", sentence: "In addition, pendrin expression has been found in the kidney [9], mammary gland [10], uterus [11], testes [12] and placenta [13].", subject_spans: [{start: 13, end: 20}], object_spans: [{start: 86, end: 92,]}]	CRAFT
PR:000015039	biolink:expressed_in	UBERON:0000473	prl7Ee4U_kdwcIDhceb5_B7QEr8	biolink:GeneToExpressionSiteAssociation	[{id: "PMC516044", name:"", category:"biolink:Publication", sentence: "In addition, pendrin expression has been found in the kidney [9], mammary gland [10], uterus [11], testes [12] and placenta [13].", subject_spans: [{start: 13, end: 20}], object_spans: [{start: 99, end: 10},]}]	CRAFT
PR:000015039	biolink:expressed_in	UBERON:0002113	n_D_OGKVjti6W-VzCkKkV_oiZ_E	biolink:GeneToExpressionSiteAssociation	[{id: "PMC516044", name:"", category:"biolink:Publication", sentence: "In addition, pendrin expression has been found in the kidney [9], mammary gland [10], uterus [11], testes [12] and placenta [13].", subject_spans: [{start: 13, end: 20}], object_spans: [{start: 54, end: 60,]}]	CRAFT
PR:000015039	biolink:expressed_in	UBERON:0001911	sblqgrkP4UAZyjpY7S7piaaHPTM	biolink:GeneToExpressionSiteAssociation	[{id: "PMC516044", name:"", category:"biolink:Publication", sentence: "In addition, pendrin expression has been found in the kidney [9], mammary gland [10], uterus [11], testes [12] and placenta [13].", subject_spans: [{start: 13, end: 20}], object_spans: [{start: 66, end: 79,]}]	CRAFT
PR:000015039	biolink:expressed_in	CL:0000000	RcDba4wKW7XrMybeFApUr6i0H20	biolink:GeneToExpressionSiteAssociation	[{id: "PMC516044", name:"", category:"biolink:Publication", sentence: "Strong expression of pendrin was observed not only in outer sulcus epithelial cells, as predicted from in situ hybridization data, but also in root cells, in apical membranes of spiral prominence surface epithelial cells and in apical membranes of spindle-shaped cells that are part of stria vascularis (Fig. 1a,1b,1c).", subject_spans: [{start: 21, end: 28}], object_spans: [{start: 148, end: 13},]}]	CRAFT
PR:000015039	biolink:expressed_in	GO:0016324	5vSVtUFhmqeJh3KevR--gNhK7tw	biolink:GeneToExpressionSiteAssociation	[{id: "PMC516044", name:"", category:"biolink:Publication", sentence: "Strong expression of pendrin was observed not only in outer sulcus epithelial cells, as predicted from in situ hybridization data, but also in root cells, in apical membranes of spiral prominence surface epithelial cells and in apical membranes of spindle-shaped cells that are part of stria vascularis (Fig. 1a,1b,1c).", subject_spans: [{start: 21, end: 28}], object_spans: [{start: 158, end: 17},{start: 215, end: 220},]}]	CRAFT
PR:000015039	biolink:expressed_in	CL:0000066	zhg5MSvDxG9NHafjZ-GUBYfkXeQ	biolink:GeneToExpressionSiteAssociation	[{id: "PMC516044", name:"", category:"biolink:Publication", sentence: "Strong expression of pendrin was observed not only in outer sulcus epithelial cells, as predicted from in situ hybridization data, but also in root cells, in apical membranes of spiral prominence surface epithelial cells and in apical membranes of spindle-shaped cells that are part of stria vascularis (Fig. 1a,1b,1c).", subject_spans: [{start: 21, end: 28}], object_spans: [{start: 67, end: 83,]}]	CRAFT
PR:000015039	biolink:expressed_in	GO:0016324	5amDvcP353POPvw6YGUXBwBthrM	biolink:GeneToExpressionSiteAssociation	[{id: "PMC516044", name:"", category:"biolink:Publication", sentence: "Strong expression of pendrin was observed not only in outer sulcus epithelial cells, as predicted from in situ hybridization data, but also in root cells, in apical membranes of spiral prominence surface epithelial cells and in apical membranes of spindle-shaped cells that are part of stria vascularis (Fig. 1a,1b,1c).", subject_spans: [{start: 21, end: 28}], object_spans: [{start: 228, end: 27},{start: 263, end: 268},]}]	CRAFT
PR:000015039	biolink:expressed_in	UBERON:0002282	I-tQhZ_5KYLTgUlZWbAAeaAotnY	biolink:GeneToExpressionSiteAssociation	[{id: "PMC516044", name:"", category:"biolink:Publication", sentence: "The extent of pendrin expression in spiral prominence cells and stria vascularis was determined by labeling KCNQ1, a K+ channel that is expressed in strial marginal cells, and ZO-1, a tight junction protein that labels basal cells and thereby delineates the boundaries of stria vascularis.", subject_spans: [{start: 14, end: 21}], object_spans: [{start: 64, end: 80,]}]	CRAFT
PR:000015039	biolink:expressed_in	CL:0000000	Vb_VBn30xc7MNv8BVIF2fyWKai0	biolink:GeneToExpressionSiteAssociation	[{id: "PMC516044", name:"", category:"biolink:Publication", sentence: "The extent of pendrin expression in spiral prominence cells and stria vascularis was determined by labeling KCNQ1, a K+ channel that is expressed in strial marginal cells, and ZO-1, a tight junction protein that labels basal cells and thereby delineates the boundaries of stria vascularis.", subject_spans: [{start: 14, end: 21}], object_spans: [{start: 54, end: 59,]}]	CRAFT
PR:000000728	biolink:expressed_in	GO:0016324	_ADVei1i3JI2SFxiZpaLgtQVPJ4	biolink:GeneToExpressionSiteAssociation	[{id: "PMC516044", name:"", category:"biolink:Publication", sentence: "Dual labeling with KCNQ1 demonstrated that pendrin expression was clearly limited to vestibular transitional cells and did not extend to other non-sensory cells such as vestibular dark cells, which were clearly identified by the expression of KCNQ1 and KCNE1 in their apical membranes.", subject_spans: [{start: 243, end: 248}], object_spans: [{start: 268, end: 284,]}]	CRAFT
PR:000009255	biolink:expressed_in	GO:0016324	dcU9TC6R-Q0eKyjePollsrROn_g	biolink:GeneToExpressionSiteAssociation	[{id: "PMC516044", name:"", category:"biolink:Publication", sentence: "Dual labeling with KCNQ1 demonstrated that pendrin expression was clearly limited to vestibular transitional cells and did not extend to other non-sensory cells such as vestibular dark cells, which were clearly identified by the expression of KCNQ1 and KCNE1 in their apical membranes.", subject_spans: [{start: 253, end: 258}], object_spans: [{start: 268, end: 284,]}]	CRAFT
PR:000000728	biolink:expressed_in	UBERON:0000395	8jFjlqzfobmW1_ejY55_NWs1u9Q	biolink:GeneToExpressionSiteAssociation	[{id: "PMC516044", name:"", category:"biolink:Publication", sentence: "Quantification of KCNJ10 and KCNQ1 mRNA expression in stria vascularis and spiral ganglia of Slc26a4+/+ and Slc26a4-/- mice.", subject_spans: [{start: 29, end: 34}], object_spans: [{start: 75, end: 89,]}]	CRAFT
PR:000000728	biolink:expressed_in	UBERON:0002282	SaIFmzhKQSn4JRcA0LB8NIiHvxE	biolink:GeneToExpressionSiteAssociation	[{id: "PMC516044", name:"", category:"biolink:Publication", sentence: "Quantification of KCNJ10 and KCNQ1 mRNA expression in stria vascularis and spiral ganglia of Slc26a4+/+ and Slc26a4-/- mice.", subject_spans: [{start: 29, end: 34}], object_spans: [{start: 54, end: 70,]}]	CRAFT
PR:000001979	biolink:expressed_in	UBERON:0002282	9PBmIrx1nRIewSSbiAX06YpTWPk	biolink:GeneToExpressionSiteAssociation	[{id: "PMC516044", name:"", category:"biolink:Publication", sentence: "Quantification of KCNJ10 and KCNQ1 mRNA expression in stria vascularis and spiral ganglia of Slc26a4+/+ and Slc26a4-/- mice.", subject_spans: [{start: 18, end: 24}], object_spans: [{start: 54, end: 70,]}]	CRAFT
PR:000001979	biolink:expressed_in	UBERON:0000395	GbGxQ8lkqedcMqzA3Apxy_IfD-Q	biolink:GeneToExpressionSiteAssociation	[{id: "PMC516044", name:"", category:"biolink:Publication", sentence: "Quantification of KCNJ10 and KCNQ1 mRNA expression in stria vascularis and spiral ganglia of Slc26a4+/+ and Slc26a4-/- mice.", subject_spans: [{start: 18, end: 24}], object_spans: [{start: 75, end: 89,]}]	CRAFT
PR:000015039	biolink:expressed_in	UBERON:0001844	6ISOJ3TQruXvKKvo_zSXsBocCuY	biolink:GeneToExpressionSiteAssociation	[{id: "PMC516044", name:"", category:"biolink:Publication", sentence: "We described locations of pendrin expression in the cochlea and vestibular labyrinth and detected normal endolymphatic K+ concentrations in spite of an enlargement of this fluid compartment.", subject_spans: [{start: 26, end: 33}], object_spans: [{start: 52, end: 59,]}]	CRAFT
PR:000015039	biolink:expressed_in	UBERON:0001862	uN03MWs9crxlTaH6oFN7JKG4jV8	biolink:GeneToExpressionSiteAssociation	[{id: "PMC516044", name:"", category:"biolink:Publication", sentence: "We described locations of pendrin expression in the cochlea and vestibular labyrinth and detected normal endolymphatic K+ concentrations in spite of an enlargement of this fluid compartment.", subject_spans: [{start: 26, end: 33}], object_spans: [{start: 64, end: 84,]}]	CRAFT
PR:000001979	biolink:expressed_in	CL:0002486	gVcBIdPMLqbW8hzMsMBhpmPMaN0	biolink:GeneToExpressionSiteAssociation	[{id: "PMC516044", name:"", category:"biolink:Publication", sentence: "Alterations in the cytosolic pH in conjunction with free radical stress may lead to the loss of KCNJ10 protein expression in strial intermediate cells.", subject_spans: [{start: 96, end: 102}], object_spans: [{start: 125, end: 15},]}]	CRAFT
PR:000004080	biolink:expressed_in	CL:0000232	BSJyW1hb5yJLJ5pWemm-2Vrvj0w	biolink:GeneToExpressionSiteAssociation	[{id: "PMC194730", name:"", category:"biolink:Publication", sentence: "Function, expression and localization of annexin A7 in platelets and red blood cells: Insights derived from an annexin A7 mutant mouse", subject_spans: [{start: 41, end: 51}], object_spans: [{start: 69, end: 84,]}]	CRAFT
PR:000004080	biolink:expressed_in	CL:0000233	NOfbakseT0vPC0ngCOCaNd2eVFA	biolink:GeneToExpressionSiteAssociation	[{id: "PMC194730", name:"", category:"biolink:Publication", sentence: "Function, expression and localization of annexin A7 in platelets and red blood cells: Insights derived from an annexin A7 mutant mouse", subject_spans: [{start: 41, end: 51}], object_spans: [{start: 55, end: 64,]}]	CRAFT
PR:000004080	biolink:expressed_in	CL:0000233	jUysfinIRz1iHQQti1X5A_Wux7s	biolink:GeneToExpressionSiteAssociation	[{id: "PMC194730", name:"", category:"biolink:Publication", sentence: "Annexin A7 expression in red blood cells, red blood cell derived exovesicles and in platelets", subject_spans: [{start: 0, end: 10}], object_spans: [{start: 84, end: 9},]}]	CRAFT
PR:000004080	biolink:expressed_in	GO:0070382	F3Hd5Z7XhRxQVqprQ8STFX9C8-I	biolink:GeneToExpressionSiteAssociation	[{id: "PMC194730", name:"", category:"biolink:Publication", sentence: "Annexin A7 expression in red blood cells, red blood cell derived exovesicles and in platelets", subject_spans: [{start: 0, end: 10}], object_spans: [{start: 65, end: 7},]}]	CRAFT
PR:000004080	biolink:expressed_in	CL:0000232	M2jL2BxBSCr90VLY570dCGK808g	biolink:GeneToExpressionSiteAssociation	[{id: "PMC194730", name:"", category:"biolink:Publication", sentence: "Annexin A7 expression in red blood cells, red blood cell derived exovesicles and in platelets", subject_spans: [{start: 0, end: 10}], object_spans: [{start: 25, end: 4},]}]	CRAFT
PR:000004080	biolink:expressed_in	CL:0000233	phD5jIeRR29rjUYfBw_kDmptkDI	biolink:GeneToExpressionSiteAssociation	[{id: "PMC194730", name:"", category:"biolink:Publication", sentence: "Expression of annexin A7 in human red blood cells (1) and human platelets (2).", subject_spans: [{start: 14, end: 24}], object_spans: [{start: 64, end: 73,]}]	CRAFT
PR:000004080	biolink:expressed_in	CL:0000232	F3t3KQM4cX8SCHUrCybwiSDbwok	biolink:GeneToExpressionSiteAssociation	[{id: "PMC194730", name:"", category:"biolink:Publication", sentence: "Expression of annexin A7 in human red blood cells (1) and human platelets (2).", subject_spans: [{start: 14, end: 24}], object_spans: [{start: 34, end: 49,]}]	CRAFT
PR:000006288	biolink:expressed_in	UBERON:0000479	MvmLg3R0uiIONYe3rLlVfjz_EJs	biolink:GeneToExpressionSiteAssociation	[{id: "PMC57980", name:"", category:"biolink:Publication", sentence: "Expression of Dazap1 in adult mouse tissues.", subject_spans: [{start: 14, end: 20}], object_spans: [{start: 36, end: 43,]}]	CRAFT
PR:000006290	biolink:expressed_in	UBERON:0000473	VLC6RLubFGXG8u5usVCXScXpPyw	biolink:GeneToExpressionSiteAssociation	[{id: "PMC57980", name:"", category:"biolink:Publication", sentence: "Developmental expression of Dazap1 and Dazl in mouse testes.", subject_spans: [{start: 39, end: 43}], object_spans: [{start: 53, end: 59,]}]	CRAFT
PR:000006288	biolink:expressed_in	UBERON:0000473	2L3_Iu_4C9jOEe2KXykUMxvObcU	biolink:GeneToExpressionSiteAssociation	[{id: "PMC57980", name:"", category:"biolink:Publication", sentence: "Developmental expression of Dazap1 and Dazl in mouse testes.", subject_spans: [{start: 28, end: 34}], object_spans: [{start: 53, end: 59,]}]	CRAFT
PR:000006290	biolink:expressed_in	UBERON:0000473	R5A9920HVUw-E5e_Bj0PiTfZABI	biolink:GeneToExpressionSiteAssociation	[{id: "PMC57980", name:"", category:"biolink:Publication", sentence: "Western blot analyses of the expression of DAZAP1 and DAZL in mouse testes during postnatal development.", subject_spans: [{start: 54, end: 58}], object_spans: [{start: 68, end: 74,]}]	CRAFT
PR:000006288	biolink:expressed_in	UBERON:0000473	uk_PG2xdikrRFG7J8g9hSXN5-as	biolink:GeneToExpressionSiteAssociation	[{id: "PMC57980", name:"", category:"biolink:Publication", sentence: "Western blot analyses of the expression of DAZAP1 and DAZL in mouse testes during postnatal development.", subject_spans: [{start: 43, end: 49}], object_spans: [{start: 68, end: 74,]}]	CRAFT
PR:000028746	biolink:expressed_in	UBERON:0002367	sPzLon0PtCELFRkZEObLnjaJtDg	biolink:GeneToExpressionSiteAssociation	[{id: "PMC270016", name:"", category:"biolink:Publication", sentence: "As we previously reported in Pten+/− and Pten+/−/p27Kip1−/− mutants (Di Cristofano et al. 2001a), Pten protein expression was also still retained in the hyperplastic prostates from Ptenhy/− mutants, and Southern blot analysis confirmed retention of the hypomorphic Pten allele (Figure 2E; data not shown).", subject_spans: [{start: 98, end: 102}], object_spans: [{start: 166, end: 17},]}]	CRAFT
PR:000010159	biolink:expressed_in	UBERON:0004362	jqkjkt-AqY3weukSpZEx_FK5QtU	biolink:GeneToExpressionSiteAssociation	[{id: "PMC324396", name:"", category:"biolink:Publication", sentence: "At E9.5 ERK5 expression was seen in the first and second branchial arch, cephalic region, somites and lateral ridge along the body wall.", subject_spans: [{start: 8, end: 12}], object_spans: [{start: 40, end: 4},{start: 57, end: 71},]}]	CRAFT
PR:000010159	biolink:expressed_in	UBERON:0002329	zK4SdPG6ZbH0DgsBmvREUBT51rY	biolink:GeneToExpressionSiteAssociation	[{id: "PMC324396", name:"", category:"biolink:Publication", sentence: "At E9.5 ERK5 expression was seen in the first and second branchial arch, cephalic region, somites and lateral ridge along the body wall.", subject_spans: [{start: 8, end: 12}], object_spans: [{start: 90, end: 9},]}]	CRAFT
PR:000010159	biolink:expressed_in	UBERON:0003066	251A7Yz_0bAL6Ldq-LGDq9RAhNo	biolink:GeneToExpressionSiteAssociation	[{id: "PMC324396", name:"", category:"biolink:Publication", sentence: "At E9.5 ERK5 expression was seen in the first and second branchial arch, cephalic region, somites and lateral ridge along the body wall.", subject_spans: [{start: 8, end: 12}], object_spans: [{start: 50, end: 7},]}]	CRAFT
PR:000010159	biolink:expressed_in	UBERON:0004347	C3nXpEz25ZLlUFgvsVRyuOzh2j4	biolink:GeneToExpressionSiteAssociation	[{id: "PMC324396", name:"", category:"biolink:Publication", sentence: "By E10.5 and 11.5 ERK5 expression was also seen in the developing limb buds.", subject_spans: [{start: 18, end: 22}], object_spans: [{start: 66, end: 75,]}]	CRAFT
PR:000010159	biolink:expressed_in	UBERON:0002415	tYGjZrei1JN-RHhJskwqM1DNhpo	biolink:GeneToExpressionSiteAssociation	[{id: "PMC324396", name:"", category:"biolink:Publication", sentence: "At E 9.75 and E10.5 strong ERK5 expression was seen in the branchial arch, cephalic mesenchyme and neuropethelial regions (Fig 4A to 4C), as well as in the limbs, hind gut, septum transversum, dorsal root ganglion, somites and tail.", subject_spans: [{start: 27, end: 31}], object_spans: [{start: 227, end: 21},]}]	CRAFT
PR:000010159	biolink:expressed_in	UBERON:0005253	KqobC3I1Sf7iKx2xn-KGK8x3xbw	biolink:GeneToExpressionSiteAssociation	[{id: "PMC324396", name:"", category:"biolink:Publication", sentence: "At E 9.75 and E10.5 strong ERK5 expression was seen in the branchial arch, cephalic mesenchyme and neuropethelial regions (Fig 4A to 4C), as well as in the limbs, hind gut, septum transversum, dorsal root ganglion, somites and tail.", subject_spans: [{start: 27, end: 31}], object_spans: [{start: 75, end: 94,]}]	CRAFT
PR:000010159	biolink:expressed_in	UBERON:0002101	MoRB9YhyIz_U-j1RGLc-AlEYnSI	biolink:GeneToExpressionSiteAssociation	[{id: "PMC324396", name:"", category:"biolink:Publication", sentence: "At E 9.75 and E10.5 strong ERK5 expression was seen in the branchial arch, cephalic mesenchyme and neuropethelial regions (Fig 4A to 4C), as well as in the limbs, hind gut, septum transversum, dorsal root ganglion, somites and tail.", subject_spans: [{start: 27, end: 31}], object_spans: [{start: 156, end: 11},]}]	CRAFT
PR:000010159	biolink:expressed_in	UBERON:0004161	vdn1fjYG2QvYKivx9Xa4qUAPTXg	biolink:GeneToExpressionSiteAssociation	[{id: "PMC324396", name:"", category:"biolink:Publication", sentence: "At E 9.75 and E10.5 strong ERK5 expression was seen in the branchial arch, cephalic mesenchyme and neuropethelial regions (Fig 4A to 4C), as well as in the limbs, hind gut, septum transversum, dorsal root ganglion, somites and tail.", subject_spans: [{start: 27, end: 31}], object_spans: [{start: 173, end: 11},]}]	CRAFT
PR:000010159	biolink:expressed_in	UBERON:0002539	77x4xsWiryLX9mkeOm5ceXh4blY	biolink:GeneToExpressionSiteAssociation	[{id: "PMC324396", name:"", category:"biolink:Publication", sentence: "At E 9.75 and E10.5 strong ERK5 expression was seen in the branchial arch, cephalic mesenchyme and neuropethelial regions (Fig 4A to 4C), as well as in the limbs, hind gut, septum transversum, dorsal root ganglion, somites and tail.", subject_spans: [{start: 27, end: 31}], object_spans: [{start: 59, end: 73,]}]	CRAFT
PR:000010159	biolink:expressed_in	UBERON:0000044	cqvlOC4E1jGEGdMfCJ_h-Zi1yi4	biolink:GeneToExpressionSiteAssociation	[{id: "PMC324396", name:"", category:"biolink:Publication", sentence: "At E 9.75 and E10.5 strong ERK5 expression was seen in the branchial arch, cephalic mesenchyme and neuropethelial regions (Fig 4A to 4C), as well as in the limbs, hind gut, septum transversum, dorsal root ganglion, somites and tail.", subject_spans: [{start: 27, end: 31}], object_spans: [{start: 193, end: 23},]}]	CRAFT
PR:000010159	biolink:expressed_in	UBERON:0001046	eYQ90B0LkufpSwxWOQK0Fj7tPGQ	biolink:GeneToExpressionSiteAssociation	[{id: "PMC324396", name:"", category:"biolink:Publication", sentence: "At E 9.75 and E10.5 strong ERK5 expression was seen in the branchial arch, cephalic mesenchyme and neuropethelial regions (Fig 4A to 4C), as well as in the limbs, hind gut, septum transversum, dorsal root ganglion, somites and tail.", subject_spans: [{start: 27, end: 31}], object_spans: [{start: 163, end: 11},]}]	CRAFT
PR:000010159	biolink:expressed_in	UBERON:0002329	OlWScoVUBI29e7x6e-Q-IckcWh8	biolink:GeneToExpressionSiteAssociation	[{id: "PMC324396", name:"", category:"biolink:Publication", sentence: "At E 9.75 and E10.5 strong ERK5 expression was seen in the branchial arch, cephalic mesenchyme and neuropethelial regions (Fig 4A to 4C), as well as in the limbs, hind gut, septum transversum, dorsal root ganglion, somites and tail.", subject_spans: [{start: 27, end: 31}], object_spans: [{start: 215, end: 22},]}]	CRAFT
PR:000010159	biolink:expressed_in	UBERON:0002081	6E86juxdx2XO3EaoTlhIQlkAw6Y	biolink:GeneToExpressionSiteAssociation	[{id: "PMC324396", name:"", category:"biolink:Publication", sentence: "Only weak expression of ERK5 was seen in the heart in sections at E9.5 and E9.75, however a slightly stronger expression of ERK5 could be seen in the atrial chamber of the heart at E10.5 (Fig 4).", subject_spans: [{start: 124, end: 128}], object_spans: [{start: 150, end: 167,{start: 172, end: 177},]}]	CRAFT
PR:000010159	biolink:expressed_in	UBERON:0000948	NZg5Ac5XaegHjvrhHqxyTkmSN4s	biolink:GeneToExpressionSiteAssociation	[{id: "PMC324396", name:"", category:"biolink:Publication", sentence: "Only weak expression of ERK5 was seen in the heart in sections at E9.5 and E9.75, however a slightly stronger expression of ERK5 could be seen in the atrial chamber of the heart at E10.5 (Fig 4).", subject_spans: [{start: 24, end: 28}], object_spans: [{start: 45, end: 50,]}]	CRAFT
PR:000010159	biolink:expressed_in	UBERON:0006615	Gfh8bs1ZWKq13wS2MVV61NHN5b8	biolink:GeneToExpressionSiteAssociation	[{id: "PMC324396", name:"", category:"biolink:Publication", sentence: "Strong expression of ERK5 was however apparent in the sinus venous below the heart.", subject_spans: [{start: 21, end: 25}], object_spans: [{start: 54, end: 66,]}]	CRAFT
PR:000010159	biolink:expressed_in	UBERON:0001987	rhOFcKOrxMVcWA0dZSv5q6Y32pw	biolink:GeneToExpressionSiteAssociation	[{id: "PMC324396", name:"", category:"biolink:Publication", sentence: "Expression of ERK5 was also examined at E10.5 in the placenta by whole mount in situ hybridisation and sectioning.", subject_spans: [{start: 14, end: 18}], object_spans: [{start: 53, end: 61,]}]	CRAFT
PR:000010159	biolink:expressed_in	UBERON:0003946	1-oe7JqjGLKvv8-hcObTZRkpGN0	biolink:GeneToExpressionSiteAssociation	[{id: "PMC324396", name:"", category:"biolink:Publication", sentence: "ERK5 expression was found to be highest in the chorionic plate and labyrinthine layers.", subject_spans: [{start: 0, end: 4}], object_spans: [{start: 67, end: 6},]}]	CRAFT
PR:000010159	biolink:expressed_in	UBERON:0004027	UCE7Va-s8qYu-b41OH5mxCfGERg	biolink:GeneToExpressionSiteAssociation	[{id: "PMC324396", name:"", category:"biolink:Publication", sentence: "ERK5 expression was found to be highest in the chorionic plate and labyrinthine layers.", subject_spans: [{start: 0, end: 4}], object_spans: [{start: 47, end: 2},]}]	CRAFT
PR:000010159	biolink:expressed_in	UBERON:0002355	JyLj9HXSu12kPch01q8r5QEQEiA	biolink:GeneToExpressionSiteAssociation	[{id: "PMC324396", name:"", category:"biolink:Publication", sentence: "This showed that ERK5 expression was high in the head and lower trunk of the embryo, intermediate in the heart region and low in the placenta.", subject_spans: [{start: 17, end: 21}], object_spans: [{start: 58, end: 69,]}]	CRAFT
PR:000010159	biolink:expressed_in	UBERON:0001987	ypBttIYouZ2z9ipslWNBDy7r1VA	biolink:GeneToExpressionSiteAssociation	[{id: "PMC324396", name:"", category:"biolink:Publication", sentence: "This showed that ERK5 expression was high in the head and lower trunk of the embryo, intermediate in the heart region and low in the placenta.", subject_spans: [{start: 17, end: 21}], object_spans: [{start: 133, end: 11},]}]	CRAFT
PR:000010159	biolink:expressed_in	UBERON:0000033	hR4ThAqKifMlufA8q17_gsMGQ9o	biolink:GeneToExpressionSiteAssociation	[{id: "PMC324396", name:"", category:"biolink:Publication", sentence: "This showed that ERK5 expression was high in the head and lower trunk of the embryo, intermediate in the heart region and low in the placenta.", subject_spans: [{start: 17, end: 21}], object_spans: [{start: 49, end: 53,]}]	CRAFT
PR:000010127	biolink:expressed_in	UBERON:0007026	uRUCqh3ezjPS9N_IUThgJTEhG3M	biolink:GeneToExpressionSiteAssociation	[{id: "PMC324396", name:"", category:"biolink:Publication", sentence: "Expression of ERK5 and MKK5 was analysed at E8.5 was seen in the cephalic neural fold and primitive gut.", subject_spans: [{start: 23, end: 27}], object_spans: [{start: 90, end: 10},]}]	CRAFT
PR:000010127	biolink:expressed_in	UBERON:0009748	WAuXxm8HzHw4GIpOE1IkI6QuGus	biolink:GeneToExpressionSiteAssociation	[{id: "PMC324396", name:"", category:"biolink:Publication", sentence: "Expression of ERK5 and MKK5 was analysed at E8.5 was seen in the cephalic neural fold and primitive gut.", subject_spans: [{start: 23, end: 27}], object_spans: [{start: 65, end: 85,]}]	CRAFT
PR:000010159	biolink:expressed_in	UBERON:0007026	xIqUoGzcYZpUlB2WHhdp62EKuIA	biolink:GeneToExpressionSiteAssociation	[{id: "PMC324396", name:"", category:"biolink:Publication", sentence: "Expression of ERK5 and MKK5 was analysed at E8.5 was seen in the cephalic neural fold and primitive gut.", subject_spans: [{start: 14, end: 18}], object_spans: [{start: 90, end: 10},]}]	CRAFT
PR:000010159	biolink:expressed_in	UBERON:0009748	lA3-d_6-5m5Tkze7DsbpFJQd-0Y	biolink:GeneToExpressionSiteAssociation	[{id: "PMC324396", name:"", category:"biolink:Publication", sentence: "Expression of ERK5 and MKK5 was analysed at E8.5 was seen in the cephalic neural fold and primitive gut.", subject_spans: [{start: 14, end: 18}], object_spans: [{start: 65, end: 85,]}]	CRAFT
PR:000010159	biolink:expressed_in	UBERON:0034705	P8xBWSO-0Z56s87KulEts3UjkpQ	biolink:GeneToExpressionSiteAssociation	[{id: "PMC324396", name:"", category:"biolink:Publication", sentence: "Strong ERK5 expression was seen in the cephalic mesenchyme (star) branchial arch and neuroepithelium.", subject_spans: [{start: 7, end: 11}], object_spans: [{start: 85, end: 10},]}]	CRAFT
PR:000010159	biolink:expressed_in	UBERON:0005253	Mj2FG2LBO92ogquR7pQfMKuKqsw	biolink:GeneToExpressionSiteAssociation	[{id: "PMC324396", name:"", category:"biolink:Publication", sentence: "Strong ERK5 expression was seen in the cephalic mesenchyme (star) branchial arch and neuroepithelium.", subject_spans: [{start: 7, end: 11}], object_spans: [{start: 39, end: 5},]}]	CRAFT
PR:000010159	biolink:expressed_in	UBERON:0002539	p6cQWez6BitHAO-ZHL8u_2GS2nM	biolink:GeneToExpressionSiteAssociation	[{id: "PMC324396", name:"", category:"biolink:Publication", sentence: "Strong ERK5 expression was seen in the cephalic mesenchyme (star) branchial arch and neuroepithelium.", subject_spans: [{start: 7, end: 11}], object_spans: [{start: 66, end: 8},]}]	CRAFT
PR:000010159	biolink:expressed_in	UBERON:0006615	pJyTuoawvB0HXZah2Le7bv-AhKM	biolink:GeneToExpressionSiteAssociation	[{id: "PMC324396", name:"", category:"biolink:Publication", sentence: "Strong ERK5 expression was seen in the sinus venous below the heart (arrow).", subject_spans: [{start: 7, end: 11}], object_spans: [{start: 39, end: 5},]}]	CRAFT
PR:000010159	biolink:expressed_in	UBERON:0002100	7Nne0-OjZkhslWvkWk_IIdcVuKw	biolink:GeneToExpressionSiteAssociation	[{id: "PMC324396", name:"", category:"biolink:Publication", sentence: "Consistent with this, Sohn et al also reported that ERK5 expression was highest in the heart and trunk of the embryo at E9 to E9.5.", subject_spans: [{start: 52, end: 56}], object_spans: [{start: 97, end: 10},]}]	CRAFT
PR:000010159	biolink:expressed_in	UBERON:0000948	St_LBQp0w8YyXEwBOufqzqm7GcE	biolink:GeneToExpressionSiteAssociation	[{id: "PMC324396", name:"", category:"biolink:Publication", sentence: "Consistent with this, Sohn et al also reported that ERK5 expression was highest in the heart and trunk of the embryo at E9 to E9.5.", subject_spans: [{start: 52, end: 56}], object_spans: [{start: 87, end: 92,]}]	CRAFT
PR:000004716	biolink:expressed_in	UBERON:0006934	pZa1xPANAiUMlyX9L2YWmTE2NHo	biolink:GeneToExpressionSiteAssociation	[{id: "PMC149366", name:"", category:"biolink:Publication", sentence: "At birth there is a limited expression of BDNF and NT-3 in the mutant sensory epithelia and DiI tracing shows no specific reduction of afferents or efferents that resembles neurotrophin null mutations.", subject_spans: [{start: 42, end: 46}], object_spans: [{start: 70, end: 87,]}]	CRAFT
PR:000011459	biolink:expressed_in	UBERON:0006934	bA3LObtRlYR7StRGYm2R8KVLZ74	biolink:GeneToExpressionSiteAssociation	[{id: "PMC149366", name:"", category:"biolink:Publication", sentence: "At birth there is a limited expression of BDNF and NT-3 in the mutant sensory epithelia and DiI tracing shows no specific reduction of afferents or efferents that resembles neurotrophin null mutations.", subject_spans: [{start: 51, end: 55}], object_spans: [{start: 70, end: 87,]}]	CRAFT
PR:000021998	biolink:expressed_in	UBERON:0001844	y_NXIox9BiUu738t_oX-MP3ZHyY	biolink:GeneToExpressionSiteAssociation	[{id: "PMC149366", name:"", category:"biolink:Publication", sentence: "The limited expression of neurotrophins in the cochlea of Brn3c null mice suffices to support many sensory neurons, particularly in the cochlea, until birth.", subject_spans: [{start: 26, end: 39}], object_spans: [{start: 47, end: 54,]}]	CRAFT
PR:000021998	biolink:expressed_in	CL:0000000	kDitVHFY1EwT_szxBJZ6kDag3oo	biolink:GeneToExpressionSiteAssociation	[{id: "PMC149366", name:"", category:"biolink:Publication", sentence: "The initial development and partial differentiation of hair cells in Brn3c mutants could possibly lead to some neurotrophin expression in these cells to sustain sensory neurons through embryonic development and beyond.", subject_spans: [{start: 111, end: 123}], object_spans: [{start: 144, end: 149,]}]	CRAFT
PR:000011459	biolink:expressed_in	UBERON:0001844	we11s3H0oowbiKtIIcdSdaKtgCQ	biolink:GeneToExpressionSiteAssociation	[{id: "PMC149366", name:"", category:"biolink:Publication", sentence: "The comparatively high level of NT-3 expression in Brn3c null mutant cochlea, which has been shown to be the neurotrophin most prominently supporting spiral sensory neurons [6,9,14], is in agreement with the normal development of cochlear innervation in newborn Brn3c null mutants.", subject_spans: [{start: 32, end: 36}], object_spans: [{start: 69, end: 76,]}]	CRAFT
PR:000011459	biolink:expressed_in	UBERON:0000922	5rX5M5kWuaJRx9dB2577dAaI0JU	biolink:GeneToExpressionSiteAssociation	[{id: "PMC149366", name:"", category:"biolink:Publication", sentence: "This expression of NT-3 in supporting cells in embryos and neonates may even preserve in Brn3c null mutants the numerous spiral sensory neurons in the apex of 8-day old animals (Figs. 3, 4).", subject_spans: [{start: 19, end: 23}], object_spans: [{start: 47, end: 54,]}]	CRAFT
PR:000011459	biolink:expressed_in	CL:0000630	GOg6gPIVCMzrB3csN-lKssoX08I	biolink:GeneToExpressionSiteAssociation	[{id: "PMC149366", name:"", category:"biolink:Publication", sentence: "This expression of NT-3 in supporting cells in embryos and neonates may even preserve in Brn3c null mutants the numerous spiral sensory neurons in the apex of 8-day old animals (Figs. 3, 4).", subject_spans: [{start: 19, end: 23}], object_spans: [{start: 27, end: 43,]}]	CRAFT
PR:000011459	biolink:expressed_in	UBERON:0007221	Z2A9XHW6deLKsq7aiOJtEaQFTTs	biolink:GeneToExpressionSiteAssociation	[{id: "PMC149366", name:"", category:"biolink:Publication", sentence: "This expression of NT-3 in supporting cells in embryos and neonates may even preserve in Brn3c null mutants the numerous spiral sensory neurons in the apex of 8-day old animals (Figs. 3, 4).", subject_spans: [{start: 19, end: 23}], object_spans: [{start: 59, end: 67,]}]	CRAFT
PR:000021998	biolink:expressed_in	UBERON:0000483	0WTvZ6wwWXKjAYT3EngW-FAhDOM	biolink:GeneToExpressionSiteAssociation	[{id: "PMC149366", name:"", category:"biolink:Publication", sentence: "Thus the factor(s) cannot be released by differentiated hair cells but there is an unexplored possibility of generalized expression of neurotrophins at low levels in the undifferentiated epithelia.", subject_spans: [{start: 135, end: 148}], object_spans: [{start: 187, end: 196,]}]	CRAFT
PR:000014841	biolink:expressed_in	UBERON:0004347	EC_xr598sIMS9dtXh4m7xv-jZpY	biolink:GeneToExpressionSiteAssociation	[{id: "PMC471547", name:"", category:"biolink:Publication", sentence: "Shh over-expression in chick limb bud reduces muscle mass at early developmental stages while inducing ectopic slow muscle fibre formation.", subject_spans: [{start: 0, end: 3}], object_spans: [{start: 29, end: 7},]}]	CRAFT
PR:000006459	biolink:expressed_in	UBERON:0002101	Ey3W3jS705X77V4ghuUi_3WppBM	biolink:GeneToExpressionSiteAssociation	[{id: "PMC471547", name:"", category:"biolink:Publication", sentence: "It is clear that Hh expression within the limb at these later stages does not have a spatial pattern that is well correlated with formation of individual muscles or fibre types.", subject_spans: [{start: 17, end: 19}], object_spans: [{start: 42, end: 46,]}]	CRAFT
PR:000008974	biolink:expressed_in	UBERON:0007688	Ei6uwQ358SSNifr2U17Fw3kQF8I	biolink:GeneToExpressionSiteAssociation	[{id: "PMC471547", name:"", category:"biolink:Publication", sentence: "Ihh is an obvious candidate, as ptc1 and gli1 expression are up-regulated in the posterior DMM at the time and location of commencement of Ihh expression in cartilage anlage around HH27 [59].", subject_spans: [{start: 139, end: 142}], object_spans: [{start: 167, end: 173,]}]	CRAFT
PR:000014841	biolink:expressed_in	UBERON:0002101	6dBxxoDl5BXI5wGYgGVrEyGxhHk	biolink:GeneToExpressionSiteAssociation	[{id: "PMC471547", name:"", category:"biolink:Publication", sentence: "So the temporary inhibition of terminal differentiation by Shh over-expression in limbs (Fig. 5; [50]) may be a consequence of an indirect effect of Hh signalling on myoblast proliferation.", subject_spans: [{start: 59, end: 62}], object_spans: [{start: 82, end: 87,]}]	CRAFT
PR:000014841	biolink:expressed_in	UBERON:0004347	noMfiTCamTmhJzRgGIz6lG-AjR8	biolink:GeneToExpressionSiteAssociation	[{id: "PMC471547", name:"", category:"biolink:Publication", sentence: "CSB analysed chick cultures, Shh over-expression in limb buds and mouse mutants.", subject_spans: [{start: 29, end: 32}], object_spans: [{start: 52, end: 61,]}]	CRAFT
PR:000005646	biolink:expressed_in	UBERON:0002113	QwuGW76_hHKYFQdMtLyVOh1v4C8	biolink:GeneToExpressionSiteAssociation	[{id: "PMC340383", name:"", category:"biolink:Publication", sentence: "Acdp3 and Acdp4 showed different levels of expression in all tissues tested; the highest expressions for Acdp3 were observed in the brain, kidney, liver and heart, and the highest expressions for Acdp4 were observed in the kidney, small intestine and testis.", subject_spans: [{start: 196, end: 201}], object_spans: [{start: 223, end: 229,]}]	CRAFT
PR:000005645	biolink:expressed_in	UBERON:0002107	M5gCq4Je7Rpio5lxqMW6j-mElhs	biolink:GeneToExpressionSiteAssociation	[{id: "PMC340383", name:"", category:"biolink:Publication", sentence: "Acdp3 and Acdp4 showed different levels of expression in all tissues tested; the highest expressions for Acdp3 were observed in the brain, kidney, liver and heart, and the highest expressions for Acdp4 were observed in the kidney, small intestine and testis.", subject_spans: [{start: 105, end: 110}], object_spans: [{start: 147, end: 152,]}]	CRAFT
PR:000005645	biolink:expressed_in	UBERON:0002113	CPbWPAFAktUJfGVjJXc6m5pjv8U	biolink:GeneToExpressionSiteAssociation	[{id: "PMC340383", name:"", category:"biolink:Publication", sentence: "Acdp3 and Acdp4 showed different levels of expression in all tissues tested; the highest expressions for Acdp3 were observed in the brain, kidney, liver and heart, and the highest expressions for Acdp4 were observed in the kidney, small intestine and testis.", subject_spans: [{start: 105, end: 110}], object_spans: [{start: 139, end: 145,]}]	CRAFT
PR:000005646	biolink:expressed_in	UBERON:0002108	kOk5WZz1hkMgE-XjS5I8x0aR3GM	biolink:GeneToExpressionSiteAssociation	[{id: "PMC340383", name:"", category:"biolink:Publication", sentence: "Acdp3 and Acdp4 showed different levels of expression in all tissues tested; the highest expressions for Acdp3 were observed in the brain, kidney, liver and heart, and the highest expressions for Acdp4 were observed in the kidney, small intestine and testis.", subject_spans: [{start: 196, end: 201}], object_spans: [{start: 231, end: 246,]}]	CRAFT
PR:000005646	biolink:expressed_in	UBERON:0000473	iaKykrqmfdipYRw8j-GlHszNKtQ	biolink:GeneToExpressionSiteAssociation	[{id: "PMC340383", name:"", category:"biolink:Publication", sentence: "Acdp3 and Acdp4 showed different levels of expression in all tissues tested; the highest expressions for Acdp3 were observed in the brain, kidney, liver and heart, and the highest expressions for Acdp4 were observed in the kidney, small intestine and testis.", subject_spans: [{start: 196, end: 201}], object_spans: [{start: 251, end: 257,]}]	CRAFT
PR:000005645	biolink:expressed_in	UBERON:0000955	G4HNLOyKkyiOqkeu9YI7-VHUvMg	biolink:GeneToExpressionSiteAssociation	[{id: "PMC340383", name:"", category:"biolink:Publication", sentence: "Acdp3 and Acdp4 showed different levels of expression in all tissues tested; the highest expressions for Acdp3 were observed in the brain, kidney, liver and heart, and the highest expressions for Acdp4 were observed in the kidney, small intestine and testis.", subject_spans: [{start: 105, end: 110}], object_spans: [{start: 132, end: 137,]}]	CRAFT
PR:000005645	biolink:expressed_in	UBERON:0000948	DJXYC4kz8mML-h3TH0pIetPRlcA	biolink:GeneToExpressionSiteAssociation	[{id: "PMC340383", name:"", category:"biolink:Publication", sentence: "Acdp3 and Acdp4 showed different levels of expression in all tissues tested; the highest expressions for Acdp3 were observed in the brain, kidney, liver and heart, and the highest expressions for Acdp4 were observed in the kidney, small intestine and testis.", subject_spans: [{start: 105, end: 110}], object_spans: [{start: 157, end: 162,]}]	CRAFT
PR:000005643	biolink:expressed_in	UBERON:0000955	MD95sB_Grr1DlpV-UwAfqI17ODg	biolink:GeneToExpressionSiteAssociation	[{id: "PMC340383", name:"", category:"biolink:Publication", sentence: "Since Northern blot revealed almost exclusive expression of Acdp1 in the brain, we examined its subcellular localization in hippocampus neurons isolated from mouse embryos.", subject_spans: [{start: 60, end: 65}], object_spans: [{start: 73, end: 78,]}]	CRAFT
PR:000014841	biolink:expressed_in	UBERON:0000115	YsRY025fQd3zr_cuhKhh9wIeiNc	biolink:GeneToExpressionSiteAssociation	[{id: "PMC341451", name:"", category:"biolink:Publication", sentence: "Overexpression of Shh in the distal lung epithelium resulted in the absence of functional alveoli and an increase in interstitial tissue caused by an increased proliferation of both epithelial and mesenchyme cells [26].", subject_spans: [{start: 18, end: 21}], object_spans: [{start: 36, end: 51,]}]	CRAFT
PR:000009921	biolink:expressed_in	UBERON:0002048	BbCY68fa9BzRi2BedOCErFILS0o	biolink:GeneToExpressionSiteAssociation	[{id: "PMC341451", name:"", category:"biolink:Publication", sentence: "Megalin expression (Meg) was detected in the airway epithelial cells, but not in proximal bronchiole epithelial cells (data not shown) in the lungs from both wild-type and knockout at E20.5.", subject_spans: [{start: 0, end: 7}], object_spans: [{start: 142, end:147},]}]	CRAFT
PR:000009921	biolink:expressed_in	CL:0000066	J1YsHrWceqbnqi0mQwfdu3UQsS4	biolink:GeneToExpressionSiteAssociation	[{id: "PMC341451", name:"", category:"biolink:Publication", sentence: "Megalin expression (Meg) was detected in the airway epithelial cells, but not in proximal bronchiole epithelial cells (data not shown) in the lungs from both wild-type and knockout at E20.5.", subject_spans: [{start: 0, end: 7}], object_spans: [{start: 101, end:117},]}]	CRAFT
PR:000009921	biolink:expressed_in	CL:0000066	JSoI6F5cbaJeOahAK1FaImMZIFQ	biolink:GeneToExpressionSiteAssociation	[{id: "PMC341451", name:"", category:"biolink:Publication", sentence: "Megalin expression (Meg) was detected in the airway epithelial cells, but not in proximal bronchiole epithelial cells (data not shown) in the lungs from both wild-type and knockout at E20.5.", subject_spans: [{start: 0, end: 7}], object_spans: [{start: 52, end: 8},]}]	CRAFT
PR:000014841	biolink:expressed_in	UBERON:0000922	d0E84EMYXWIF6shhZ0lwiW6L0no	biolink:GeneToExpressionSiteAssociation	[{id: "PMC341451", name:"", category:"biolink:Publication", sentence: "Is the pattern of sonic hedgehog expression or signaling altered in Dhcr7-/- embryos?", subject_spans: [{start: 18, end: 32}], object_spans: [{start: 77, end: 84,]}]	CRAFT
PR:000014841	biolink:expressed_in	UBERON:0000922	ziu7naE-uzS_ij52jMt1S6n8EWU	biolink:GeneToExpressionSiteAssociation	[{id: "PMC341451", name:"", category:"biolink:Publication", sentence: "Since Shh expression, as well as some of the Shh signaling components appeared to be normal in Dhcr7-/- embryos, endogenous autoprocessing of Shh to generate a cholesterol-modified N-terminal fragment of Shh (Shh-Np) was evaluated.", subject_spans: [{start: 6, end: 9}], object_spans: [{start: 104, end:111},]}]	CRAFT
PR:000003573	biolink:expressed_in	CL:0000000	mrUuZdBR9qwN9hVI76Ekf8OeBh4	biolink:GeneToExpressionSiteAssociation	[{id: "PMC394351", name:"", category:"biolink:Publication", sentence: "Co-transfection of COS-1 cells with both Abcg5 and Abcg8 cDNAs did not alter the pattern of immunofluorescence, although we are not able to confirm simultaneous expression of Abcg8 in cells expressing Abcg5/sterolin-1, as we have no suitable antibody for Abcg8/sterolin-2 (Figure 6d).", subject_spans: [{start: 175, end: 180}], object_spans: [{start: 184, end: 189,]}]	CRAFT
PR:000003572	biolink:expressed_in	UBERON:0002107	0sQJplVPlblJoihz8y4v9NY4sPY	biolink:GeneToExpressionSiteAssociation	[{id: "PMC394351", name:"", category:"biolink:Publication", sentence: "Again, there is apical expression of Abcg5/sterolin-1 in both wild-type and knockout livers (Figure 7a,7b).", subject_spans: [{start: 37, end: 42}], object_spans: [{start: 85, end: 91,]}]	CRAFT
PR:000003572	biolink:expressed_in	UBERON:0000160	snMjhv54x4jevtKprN-UVvPhGVs	biolink:GeneToExpressionSiteAssociation	[{id: "PMC394351", name:"", category:"biolink:Publication", sentence: "Immunohistochemical evaluation of mouse Abcg5/sterolin-1 expression in liver and intestine.", subject_spans: [{start: 40, end: 45}], object_spans: [{start: 81, end: 90,]}]	CRAFT
PR:000003572	biolink:expressed_in	UBERON:0002107	sy6Sa47R-cV0Uh_YXVXu7tCel-o	biolink:GeneToExpressionSiteAssociation	[{id: "PMC394351", name:"", category:"biolink:Publication", sentence: "Immunohistochemical evaluation of mouse Abcg5/sterolin-1 expression in liver and intestine.", subject_spans: [{start: 40, end: 45}], object_spans: [{start: 71, end: 76,]}]	CRAFT
PR:000003572	biolink:expressed_in	UBERON:0002107	dFZ8_PkSeZC9MnwThp6zDAC3eMQ	biolink:GeneToExpressionSiteAssociation	[{id: "PMC394351", name:"", category:"biolink:Publication", sentence: "Immunohistochemical evaluation of mouse Abcg5/sterolin-1 expression in liver.", subject_spans: [{start: 40, end: 45}], object_spans: [{start: 71, end: 76,]}]	CRAFT
PR:000007857	biolink:expressed_in	CL:0000988	pPj6ESFwwv7XEuNPH6OAePPk4PY	biolink:GeneToExpressionSiteAssociation	[{id: "PMC509301", name:"", category:"biolink:Publication", sentence: "The mon mutants initiate expression of gata1 in hematopoietic cells around the five-somite stage, similar to wild-type embryos (data not shown); however, based on TUNEL staining, the differentiating erythroid cells undergo programmed cell death from the 12-somite stage to 22 h postfertilization (hpf) (Figure 1A and 1B, arrows).", subject_spans: [{start: 39, end: 44}], object_spans: [{start: 48, end: 67,]}]	CRAFT
PR:000016655	biolink:expressed_in	CL:0000000	5SLhAV7Ii6wfDa8_mBz-LHruHo0	biolink:GeneToExpressionSiteAssociation	[{id: "PMC509301", name:"", category:"biolink:Publication", sentence: "Therefore, tif1α is coexpressed in the same cells with tif1γ and may therefore be available to form hetero-oligomers in vivo.", subject_spans: [{start: 55, end: 60}], object_spans: [{start: 44, end: 49,]}]	CRAFT
PR:000016655	biolink:expressed_in	CL:0000764	kv-Mm1axQ9ydOsFUN02Z_pDlgW4	biolink:GeneToExpressionSiteAssociation	[{id: "PMC509301", name:"", category:"biolink:Publication", sentence: "The high levels of tif1γ expression in erythroid cells suggest that it functions as a cell-autonomous regulator of gene expression in hematopoietic cells.", subject_spans: [{start: 19, end: 24}], object_spans: [{start: 39, end: 54,]}]	CRAFT
PR:000007857	biolink:expressed_in	CL:0000764	mhLsNnIZg2HI2KHtxosQuTlQmtc	biolink:GeneToExpressionSiteAssociation	[{id: "PMC509301", name:"", category:"biolink:Publication", sentence: "The expression of gata1 appears to initiate normally in the committed erythroid cells of mon mutants.", subject_spans: [{start: 18, end: 23}], object_spans: [{start: 70, end: 85,]}]	CRAFT
PR:000010799	biolink:expressed_in	UBERON:0003061	tIDoN9WykMragmuJI4H80kTZDSw	biolink:GeneToExpressionSiteAssociation	[{id: "PMC509301", name:"", category:"biolink:Publication", sentence: "Expression of myb is greatly reduced in the blood islands because of a loss of erythroid cells, but embryonic macrophages are still present (arrows).", subject_spans: [{start: 14, end: 17}], object_spans: [{start: 44, end: 57,]}]	CRAFT
PR:000003457	biolink:expressed_in	CL:0000084	P1eagT_Ua8PrIrY33zMkEtxW5Yo	biolink:GeneToExpressionSiteAssociation	[{id: "PMC509301", name:"", category:"biolink:Publication", sentence: "The expression of rag1 in thymic T-cells appears normal in mon mutants at 5 d postfertilization (arrow heads).", subject_spans: [{start: 18, end: 22}], object_spans: [{start: 33, end: 40,]}]	CRAFT
PR:000016655	biolink:expressed_in	UBERON:0003081	K_g5LFTdAZB7rYH_V1RcL6lm_Jc	biolink:GeneToExpressionSiteAssociation	[{id: "PMC509301", name:"", category:"biolink:Publication", sentence: "Increased expression of tif1γ in ventral-lateral mesoderm begins between the one- to three-somite stages and increases through early development.", subject_spans: [{start: 24, end: 29}], object_spans: [{start: 41, end: 57,]}]	CRAFT
PR:000016655	biolink:expressed_in	UBERON:2000083	BW1DSigINALzaOk1hLw49wvRu4E	biolink:GeneToExpressionSiteAssociation	[{id: "PMC509301", name:"", category:"biolink:Publication", sentence: "Increased expression of tif1γ in ventral-lateral mesoderm begins between the one- to three-somite stages and increases through early development.", subject_spans: [{start: 24, end: 29}], object_spans: [{start: 33, end: 40,{start: 49, end: 57},]}]	CRAFT
PR:000005908	biolink:expressed_in	UBERON:0000483	l7JfbS4Gso10QBgV8gTFWxh2kPU	biolink:GeneToExpressionSiteAssociation	[{id: "PMC149350", name:"", category:"biolink:Publication", sentence: "AlphaB expression is detected in central epithelium and increases from the central to elongation zones, where epithelial cells differentiate into fiber cells.", subject_spans: [{start: 0, end: 6}], object_spans: [{start: 41, end: 1},]}]	CRAFT
PR:000016145	biolink:expressed_in	UBERON:0003104	xq-LZHXbw3dUH96p2MJ8KbOxuyI	biolink:GeneToExpressionSiteAssociation	[{id: "PMC314463", name:"", category:"biolink:Publication", sentence: "Early embryonic expression of Tbx15 in dorsal mesenchyme is complementary to Agouti expression in ventral mesenchyme; in the absence of Tbx15, expression of Agouti in both embryos and postnatal animals is displaced dorsally.", subject_spans: [{start: 30, end: 35}], object_spans: [{start: 46, end: 56,]}]	CRAFT
PR:000004372	biolink:expressed_in	UBERON:2000164	LvlsXp3F7Juh4ZdXDXneqxk1JaM	biolink:GeneToExpressionSiteAssociation	[{id: "PMC314463", name:"", category:"biolink:Publication", sentence: "Early embryonic expression of Tbx15 in dorsal mesenchyme is complementary to Agouti expression in ventral mesenchyme; in the absence of Tbx15, expression of Agouti in both embryos and postnatal animals is displaced dorsally.", subject_spans: [{start: 77, end: 83}], object_spans: [{start: 98, end: 11},]}]	CRAFT
PR:000004372	biolink:expressed_in	UBERON:0000922	zScyijU58heGpLCMaPlyJmpgdJ0	biolink:GeneToExpressionSiteAssociation	[{id: "PMC314463", name:"", category:"biolink:Publication", sentence: "Early embryonic expression of Tbx15 in dorsal mesenchyme is complementary to Agouti expression in ventral mesenchyme; in the absence of Tbx15, expression of Agouti in both embryos and postnatal animals is displaced dorsally.", subject_spans: [{start: 157, end: 163}], object_spans: [{start: 172, end: 179,]}]	CRAFT
PR:000016145	biolink:expressed_in	UBERON:0003104	kLd_J5PL0C8tMRDiMGbnorwLgiI	biolink:GeneToExpressionSiteAssociation	[{id: "PMC314463", name:"", category:"biolink:Publication", sentence: "Embryonic expression of Tbx15 in dorsolateral mesenchyme provides an instructional cue required to establish the future positional identity of dorsal dermis.", subject_spans: [{start: 24, end: 29}], object_spans: [{start: 46, end: 56,]}]	CRAFT
PR:000016145	biolink:expressed_in	UBERON:0004347	67KYyzh3fVa1Lu0UybA0bpQ9jng	biolink:GeneToExpressionSiteAssociation	[{id: "PMC314463", name:"", category:"biolink:Publication", sentence: "Previous studies by Agulnik et al. (1998) using whole-mount in situ hybridization described expression of Tbx15 as first detectable at E9.5 in the limb buds, progressing to the branchial arches, flanks, and craniofacial regions through E12.5.", subject_spans: [{start: 106, end: 111}], object_spans: [{start: 147, end: 156,]}]	CRAFT
PR:000016145	biolink:expressed_in	UBERON:0000014	a7mb1Zci23Qp4X6DqH2MrMVkjys	biolink:GeneToExpressionSiteAssociation	[{id: "PMC314463", name:"", category:"biolink:Publication", sentence: "We compared adjacent sections hybridized with probes for Tbx15 and Agouti and observed complementary patterns at E12.5, with expression of Agouti in ventral skin and expression of Tbx15 in dorsal skin (Figure 5A and 5B).", subject_spans: [{start: 180, end: 185}], object_spans: [{start: 196, end: 200,]}]	CRAFT
PR:000004372	biolink:expressed_in	UBERON:0000014	kseJ793gYs6iA9sGyIuII9v-1BY	biolink:GeneToExpressionSiteAssociation	[{id: "PMC314463", name:"", category:"biolink:Publication", sentence: "We compared adjacent sections hybridized with probes for Tbx15 and Agouti and observed complementary patterns at E12.5, with expression of Agouti in ventral skin and expression of Tbx15 in dorsal skin (Figure 5A and 5B).", subject_spans: [{start: 139, end: 145}], object_spans: [{start: 157, end: 161,]}]	CRAFT
PR:000016145	biolink:expressed_in	UBERON:0000180	IzNY02ZVK8SkUUTCikYErr2_t_Y	biolink:GeneToExpressionSiteAssociation	[{id: "PMC314463", name:"", category:"biolink:Publication", sentence: "The observations described above are consistent with a model in which transient expression of Tbx15 in the embryonic dorsal flank is required to establish positional identity of the future dermis, at least with respect to pigment-type synthesis caused by the ventral-specific Agouti isoform.", subject_spans: [{start: 94, end: 99}], object_spans: [{start: 124, end: 19},]}]	CRAFT
PR:000016145	biolink:expressed_in	UBERON:0000180	NKdcpnsd5TWk8057h3Z4rcwPOWI	biolink:GeneToExpressionSiteAssociation	[{id: "PMC314463", name:"", category:"biolink:Publication", sentence: "The ventral edge of Tbx15 expression in the developing flank does not correspond to a known lineage compartment, but, like limb development, occurs within lateral plate mesoderm.", subject_spans: [{start: 20, end: 25}], object_spans: [{start: 55, end: 60,]}]	CRAFT
PR:000016150	biolink:expressed_in	UBERON:0003104	3vcQBtcIrHKCfWRuGmY_6B_tKPs	biolink:GeneToExpressionSiteAssociation	[{id: "PMC314463", name:"", category:"biolink:Publication", sentence: "Expression of Tbx18 and Tbx22 has not been reported in embryonic flank mesenchyme, which suggests that Tbx15 is the only family member involved in establishing the dorsoventral identity of the trunk.", subject_spans: [{start: 24, end: 29}], object_spans: [{start: 71, end: 81,]}]	CRAFT
PR:000016146	biolink:expressed_in	UBERON:0003104	XCWHbIKY68ESSLU1Ki46u44AC9o	biolink:GeneToExpressionSiteAssociation	[{id: "PMC314463", name:"", category:"biolink:Publication", sentence: "Expression of Tbx18 and Tbx22 has not been reported in embryonic flank mesenchyme, which suggests that Tbx15 is the only family member involved in establishing the dorsoventral identity of the trunk.", subject_spans: [{start: 14, end: 19}], object_spans: [{start: 71, end: 81,]}]	CRAFT
PR:000016150	biolink:expressed_in	UBERON:0004017	ffWDgJR1d7LeLFpIdebqe4z5LJw	biolink:GeneToExpressionSiteAssociation	[{id: "PMC314463", name:"", category:"biolink:Publication", sentence: "Despite high levels of Tbx22 expression in periocular embryonic mesenchyme (Braybrook et al. 2002; Bush et al. 2002; Herr et al. 2003), the condition does not affect the eye, perhaps because residual activity is provided by Tbx15 in the same region.", subject_spans: [{start: 23, end: 28}], object_spans: [{start: 43, end: 53,{start: 64, end: 74},]}]	CRAFT
PR:000016145	biolink:expressed_in	UBERON:0000014	p63cFz3QMfm-6QrDd34jK90vI2g	biolink:GeneToExpressionSiteAssociation	[{id: "PMC314463", name:"", category:"biolink:Publication", sentence: "Developmental Mechanism of Tbx15 Expression and Action in the Skin", subject_spans: [{start: 27, end: 32}], object_spans: [{start: 62, end: 66,]}]	CRAFT
PR:000016145	biolink:expressed_in	UBERON:0003104	nLrH15rvSXTKuwWNP6thCdvkv6Y	biolink:GeneToExpressionSiteAssociation	[{id: "PMC314463", name:"", category:"biolink:Publication", sentence: "In embryonic mesenchyme, expression of Tbx15 and Agouti are complementary, and it is possible that Tbx15 acts directly to inhibit Agouti transcription in dorsolateral mesenchyme.", subject_spans: [{start: 39, end: 44}], object_spans: [{start: 13, end: 23,]}]	CRAFT
PR:000004372	biolink:expressed_in	UBERON:0003104	TZ_EkQPDfvE6XcGgff_6V36-NdE	biolink:GeneToExpressionSiteAssociation	[{id: "PMC314463", name:"", category:"biolink:Publication", sentence: "In embryonic mesenchyme, expression of Tbx15 and Agouti are complementary, and it is possible that Tbx15 acts directly to inhibit Agouti transcription in dorsolateral mesenchyme.", subject_spans: [{start: 49, end: 55}], object_spans: [{start: 13, end: 23,]}]	CRAFT
PR:000016145	biolink:expressed_in	UBERON:0003104	IyAgu_u2KtMzcK8WN1vWWwzv0Dk	biolink:GeneToExpressionSiteAssociation	[{id: "PMC314463", name:"", category:"biolink:Publication", sentence: "We speculate that a diffusible signal from dorsal trunk ectoderm, at or prior to E11.5, promotes expression of Tbx15 in dorsal trunk mesenchyme, which then establishes dorsal positional identity of those cells as manifested by differences in Agouti expression, pigment-cell development, and hair growth.", subject_spans: [{start: 111, end: 116}], object_spans: [{start: 133, end: 143,]}]	CRAFT
PR:000016145	biolink:expressed_in	UBERON:0002100	beTVCLX5WEb-un-uJ3dyCVa-obw	biolink:GeneToExpressionSiteAssociation	[{id: "PMC314463", name:"", category:"biolink:Publication", sentence: "In fact, the same mechanism that determines dorsoventral position of the limbs and the apical ectodermal ridge may also act on expression of Tbx15 in the trunk, since ectopic limbs induced in the interlimb region by application of FGF beads develop along a single line that is coincident with normal limb buds (and the future pigmentation boundary) (Cohn et al. 1995; Crossley et al. 1996; Vogel et al. 1996; Altabef et al. 1997, 2000).", subject_spans: [{start: 141, end: 146}], object_spans: [{start: 154, end: 159,]}]	CRAFT
PR:000016145	biolink:expressed_in	UBERON:2000164	d-dfxAQrIdzqLqUossJssx-O8c4	biolink:GeneToExpressionSiteAssociation	[{id: "PMC314463", name:"", category:"biolink:Publication", sentence: "Our model predicts that ectopic expression of Tbx15 in ventral mesenchyme should give rise to a dorsalized pigmentation phenotype and could be tested with gain-of-function approaches.", subject_spans: [{start: 46, end: 51}], object_spans: [{start: 55, end: 73,]}]	CRAFT
PR:000016145	biolink:expressed_in	UBERON:0000014	H00YdKbLnotLSAGbuzbD99_Vp4A	biolink:GeneToExpressionSiteAssociation	[{id: "PMC314463", name:"", category:"biolink:Publication", sentence: "At E12.5, expression of Tbx15 in dorsal skin is approximately complementary to that of Agouti in ventral skin.", subject_spans: [{start: 24, end: 29}], object_spans: [{start: 40, end: 44,]}]	CRAFT
PR:000004372	biolink:expressed_in	UBERON:0002067	XAYYFQ6VWgmwbqUnC74Y5eR1F2A	biolink:GeneToExpressionSiteAssociation	[{id: "PMC314463", name:"", category:"biolink:Publication", sentence: "(B) At P4.5, Agouti expression in both dorsal and ventral skin is similar in deH/deH compared to nonmutant, but in the midflank region, there is increased Agouti expression in deH/deH, especially in the upper dermis (scale bars = 200 μm).", subject_spans: [{start: 155, end: 161}], object_spans: [{start: 209, end: 215,]}]	CRAFT
PR:000004372	biolink:expressed_in	UBERON:0000014	bv5SHtFpqTtQY1RjBx7ZyoYWbGk	biolink:GeneToExpressionSiteAssociation	[{id: "PMC314463", name:"", category:"biolink:Publication", sentence: "(B) At P4.5, Agouti expression in both dorsal and ventral skin is similar in deH/deH compared to nonmutant, but in the midflank region, there is increased Agouti expression in deH/deH, especially in the upper dermis (scale bars = 200 μm).", subject_spans: [{start: 13, end: 19}], object_spans: [{start: 58, end: 62,]}]	CRAFT
PR:000016145	biolink:expressed_in	UBERON:0005256	eMUxENY1VsBMh3EHmOJGSKcql3E	biolink:GeneToExpressionSiteAssociation	[{id: "PMC314463", name:"", category:"biolink:Publication", sentence: "As described in the text, we propose that distinct dorsoventral compartments in ectoderm of the trunk provide an instructional cue to the mesoderm, leading to expression of Tbx15 in dorsal trunk mesenchyme and acquisition of dorsal dermis character.", subject_spans: [{start: 173, end: 178}], object_spans: [{start: 189, end: 205,]}]	CRAFT
PR:000010407	biolink:expressed_in	UBERON:0000062	iRbAVDIVrxqPVndrTmS9KCcpp94	biolink:GeneToExpressionSiteAssociation	[{id: "PMC385223", name:"", category:"biolink:Publication", sentence: "At this stage, expression of Mig12 is also observed in several additional organs.", subject_spans: [{start: 29, end: 34}], object_spans: [{start: 74, end: 80,]}]	CRAFT
PR:000010407	biolink:expressed_in	UBERON:0034705	auBGZazIILB_OYlz7STUdaVEuSs	biolink:GeneToExpressionSiteAssociation	[{id: "PMC385223", name:"", category:"biolink:Publication", sentence: "Strong Mig12 expression (red signal) is observed in isthmal (a), pontine (a, b, e) and medulla oblongata (c) neuroepithelia, and it is maintained throughout the entire region of the spinal cord central canal (d).", subject_spans: [{start: 7, end: 12}], object_spans: [{start: 109, end: 23},]}]	CRAFT
PR:000010407	biolink:expressed_in	CL:0000000	dps-Sv7VRsHlHvAEyVvqo-Gr6QQ	biolink:GeneToExpressionSiteAssociation	[{id: "PMC385223", name:"", category:"biolink:Publication", sentence: "(A) Immunofluorescence analysis after transient expression of MGFP-Mig12 (upper panel), HA-Mig12 (middle panel) and untagged Mig12 (lower panel) in Cos7 cells, revealing a diffuse distribution of the protein, in both the nucleus and the cytoplasm.", subject_spans: [{start: 125, end: 130}], object_spans: [{start: 153, end: 158,]}]	CRAFT
PR:000010407	biolink:expressed_in	UBERON:0001017	YD3HG3O-Koch8M3prucOjWfxIrA	biolink:GeneToExpressionSiteAssociation	[{id: "PMC385223", name:"", category:"biolink:Publication", sentence: "Moreover, expression of Mig12 in the rostral medial CNS could also be involved in the determination of proper craniofacial formation.", subject_spans: [{start: 24, end: 29}], object_spans: [{start: 52, end: 55,]}]	CRAFT
PR:000010407	biolink:expressed_in	UBERON:0000922	ZSUhA2OiM3yoQzLNadl_wYxV_So	biolink:GeneToExpressionSiteAssociation	[{id: "PMC385223", name:"", category:"biolink:Publication", sentence: "In addition, we can parallel the inter-digit Mig12 expression observed in the mouse embryos with OS manifestations, as we observed syndactyly in a MID1-mutated patient [11].", subject_spans: [{start: 45, end: 50}], object_spans: [{start: 84, end: 91,]}]	CRAFT
